track_id,title,duration_sec,genre,artist_id
T00001,Similar,168,Rock,A0117
T00002,Prevent should,323,Rock,A0181
T00003,Value few it,306,Pop,A0009
T00004,Its during action,334,Country,A0082
T00005,Reveal,126,Hip Hop,A0016
T00006,Also collection future,120,Jazz,A0113
T00007,Huge wind only case,213,EDM,A0142
T00008,Education the,257,Hip Hop,A0126
T00009,Beyond piece door,123,Classical,A0113
T00010,Difference price,164,Country,A0059
T00011,Computer fast,385,EDM,A0197
T00012,Example else,382,Country,A0023
T00013,Adult her pretty,333,EDM,A0072
T00014,Down sell first,265,Classical,A0187
T00015,Today question,306,Classical,A0159
T00016,Guess leave everybody,125,Rock,A0103
T00017,Want fear number,124,Classical,A0194
T00018,Machine too reveal,354,Rock,A0196
T00019,Well,169,Rock,A0165
T00020,Itself crime consumer body,199,EDM,A0081
T00021,Do maybe,222,Rock,A0090
T00022,Executive tonight,325,EDM,A0056
T00023,Democratic,415,EDM,A0125
T00024,Fear evidence,353,Jazz,A0167
T00025,Red animal especially left,162,Classical,A0115
T00026,School thousand,215,EDM,A0085
T00027,Property responsibility,350,Jazz,A0116
T00028,Attention meeting,124,Pop,A0162
T00029,Pull take discover senior,363,Hip Hop,A0117
T00030,Front ok,334,Pop,A0169
T00031,Resource fund class,369,Rock,A0080
T00032,Data administration,304,Rock,A0137
T00033,Attack whose truth,332,Hip Hop,A0186
T00034,Natural class,157,Jazz,A0061
T00035,Edge,171,Pop,A0098
T00036,Trouble authority cultural,332,Rock,A0065
T00037,Large about population,192,Classical,A0088
T00038,Night true,273,Rock,A0132
T00039,Nation surface information,268,Pop,A0125
T00040,Among the,389,Pop,A0090
T00041,Herself machine,246,Rock,A0035
T00042,Author run compare person,324,EDM,A0172
T00043,Suggest,211,Hip Hop,A0046
T00044,Agree discuss evidence,120,Rock,A0139
T00045,At tonight interview,189,Jazz,A0013
T00046,Unit put image,289,Jazz,A0176
T00047,Answer everybody,401,EDM,A0003
T00048,Together such property,251,EDM,A0077
T00049,Myself attention pretty,222,Pop,A0036
T00050,Will debate only sit,249,Classical,A0119
T00051,Else trouble,388,Rock,A0172
T00052,Top discover project,130,Pop,A0007
T00053,Mother business wall wide,403,Jazz,A0025
T00054,When window,197,Rock,A0163
T00055,Dinner federal,379,EDM,A0002
T00056,Nature generation by,291,Hip Hop,A0093
T00057,Prevent growth,328,Country,A0193
T00058,Security,292,Hip Hop,A0162
T00059,Tend hotel,347,EDM,A0118
T00060,Market guess,134,Country,A0155
T00061,Marriage consider even,272,EDM,A0112
T00062,Recent fall particular,199,Rock,A0073
T00063,Campaign others meet difference,360,Classical,A0164
T00064,Traditional field success,331,Jazz,A0169
T00065,Account agency common,157,Country,A0161
T00066,Mean eat arrive,272,Classical,A0001
T00067,Pretty act,409,Hip Hop,A0048
T00068,More have,342,Classical,A0128
T00069,Tree ready,186,Jazz,A0001
T00070,Above actually,133,Rock,A0119
T00071,Create one,306,EDM,A0032
T00072,Traditional eat,356,EDM,A0075
T00073,Need heavy,163,Rock,A0019
T00074,For improve thought,178,Jazz,A0150
T00075,Baby save,233,EDM,A0093
T00076,Open tell production,336,Classical,A0115
T00077,Size season city,158,Jazz,A0045
T00078,Trip tonight five,244,Pop,A0073
T00079,Mrs at like,360,Hip Hop,A0067
T00080,Why avoid simple,179,EDM,A0169
T00081,Scientist she support,243,Classical,A0033
T00082,Put carry my,178,Classical,A0057
T00083,Cup,242,Pop,A0027
T00084,More source,278,Classical,A0131
T00085,Nothing hand,312,EDM,A0053
T00086,Successful local,392,EDM,A0171
T00087,Compare community board,143,Rock,A0115
T00088,Relationship because suffer,418,Classical,A0169
T00089,Experience detail democratic,234,EDM,A0049
T00090,Hard poor her,148,EDM,A0060
T00091,Maintain level do,148,Rock,A0145
T00092,Son brother network,416,EDM,A0118
T00093,Whole,406,Classical,A0086
T00094,Coach personal,220,Country,A0111
T00095,Dog bill produce,267,Classical,A0132
T00096,Prove job one,261,Jazz,A0144
T00097,Defense ever top,416,Country,A0035
T00098,Key week sense,238,Hip Hop,A0180
T00099,Money represent,354,Country,A0017
T00100,Better between laugh,420,Pop,A0115
T00101,Able course,212,Country,A0198
T00102,Interview final method,415,Jazz,A0177
T00103,Smile business difference,152,Country,A0050
T00104,Able run,317,EDM,A0021
T00105,Prevent product serve,302,Hip Hop,A0089
T00106,Many debate,156,Rock,A0052
T00107,Natural international,235,Pop,A0137
T00108,Trial activity city,159,Pop,A0150
T00109,So head,167,Classical,A0167
T00110,Apply,284,EDM,A0133
T00111,Civil interview seven trial,161,Jazz,A0028
T00112,Participant well drop,371,Hip Hop,A0175
T00113,Study type why,208,Classical,A0158
T00114,High up,129,Pop,A0008
T00115,Tonight notice month,178,EDM,A0017
T00116,My hair,362,Classical,A0067
T00117,Form candidate part,365,EDM,A0049
T00118,Yes goal,247,Rock,A0177
T00119,Since economy subject,225,Rock,A0127
T00120,Avoid father,121,Hip Hop,A0091
T00121,Miss dark black,172,EDM,A0135
T00122,Throw purpose industry,169,Hip Hop,A0160
T00123,Reality road,265,Classical,A0138
T00124,Garden whether,155,EDM,A0020
T00125,Prove president,143,Rock,A0152
T00126,Month meeting actually,325,Jazz,A0170
T00127,Myself often,335,Rock,A0068
T00128,Tax red,250,Country,A0019
T00129,Various recent well,228,Classical,A0057
T00130,Again child,305,Classical,A0167
T00131,Kitchen,386,EDM,A0048
T00132,Important ball first physical,150,Rock,A0033
T00133,Kid them,275,Country,A0184
T00134,Market main,216,Hip Hop,A0098
T00135,Almost seek,189,Hip Hop,A0128
T00136,South discussion form,267,Rock,A0120
T00137,Answer almost,224,Rock,A0045
T00138,Growth about,188,Rock,A0170
T00139,Certain hit,142,Jazz,A0028
T00140,Weight,234,Pop,A0098
T00141,Fall about production,260,Pop,A0120
T00142,A government expert care,320,EDM,A0108
T00143,Thousand sense I,327,Pop,A0014
T00144,Raise wear bag,406,Classical,A0193
T00145,Hour pass least,267,Rock,A0038
T00146,Want style,224,Country,A0135
T00147,Month medical town,181,Rock,A0091
T00148,Off person half,312,Rock,A0145
T00149,Cold network music,121,Country,A0143
T00150,Left method receive,372,Hip Hop,A0131
T00151,Economy hair later,401,Classical,A0031
T00152,Father fish,126,EDM,A0060
T00153,Friend likely,390,Country,A0162
T00154,Effort allow politics,414,Classical,A0129
T00155,Outside painting floor,320,EDM,A0071
T00156,Hard degree,302,Pop,A0105
T00157,Appear health,397,EDM,A0177
T00158,Event design court,179,EDM,A0033
T00159,Life record,186,Pop,A0178
T00160,On hour,279,Country,A0167
T00161,Serve size,393,Jazz,A0145
T00162,Several amount cold,332,Pop,A0095
T00163,Anything structure network between,330,Rock,A0117
T00164,Pattern team major,379,Classical,A0105
T00165,Feeling citizen maintain,275,Rock,A0025
T00166,People indeed left,258,Pop,A0125
T00167,Exist argue,161,Hip Hop,A0031
T00168,Medical cup,173,Hip Hop,A0176
T00169,Great result,133,Jazz,A0051
T00170,She happen role,337,Pop,A0068
T00171,Need between team,192,Hip Hop,A0059
T00172,Too benefit father,218,Pop,A0098
T00173,Today service toward back,300,Jazz,A0006
T00174,Authority adult thousand,310,Country,A0013
T00175,Property turn agreement,138,Pop,A0147
T00176,Cost against,120,Hip Hop,A0170
T00177,Brother describe heavy,146,Classical,A0125
T00178,Television step more,207,EDM,A0057
T00179,Own best nice try,380,Hip Hop,A0002
T00180,After,139,Country,A0046
T00181,Mission feel on,162,Classical,A0115
T00182,Detail imagine,242,Classical,A0198
T00183,Home most during,282,Jazz,A0032
T00184,Seek develop most,419,Country,A0141
T00185,Into,243,Jazz,A0191
T00186,Quality chair,389,Classical,A0117
T00187,Challenge tree consider,240,EDM,A0087
T00188,Media,313,Country,A0094
T00189,Begin expert,418,Jazz,A0033
T00190,Often none,313,Jazz,A0161
T00191,Administration improve must everyone,341,Classical,A0059
T00192,Recognize significant mission,365,Pop,A0140
T00193,Want role,227,Jazz,A0149
T00194,Discussion receive,347,Classical,A0181
T00195,Believe team mouth,135,Jazz,A0125
T00196,Arm hospital view,161,Jazz,A0160
T00197,Deep big every strong,293,Pop,A0123
T00198,Us each involve even,169,Country,A0055
T00199,Worker wish accept,189,Country,A0024
T00200,Have play against,270,Country,A0151
T00201,Health,172,Jazz,A0085
T00202,Me star teach,334,Country,A0007
T00203,Seem heavy,376,Jazz,A0136
T00204,Much another travel account,323,Pop,A0091
T00205,Herself wait tax,394,Hip Hop,A0004
T00206,Treat theory,297,EDM,A0176
T00207,Actually responsibility these,229,Country,A0151
T00208,Relate situation,216,Jazz,A0029
T00209,Shoulder behind,229,Pop,A0069
T00210,Establish,278,EDM,A0018
T00211,Professional major opportunity,181,Rock,A0178
T00212,Minute set,218,Rock,A0131
T00213,Scene outside,171,EDM,A0168
T00214,Rise parent,377,Jazz,A0099
T00215,Staff involve will,136,Country,A0130
T00216,Speak military effect,288,Country,A0145
T00217,Time should,392,Classical,A0045
T00218,May despite fast receive,238,Country,A0144
T00219,Until so,255,Pop,A0081
T00220,Notice always bag,222,EDM,A0134
T00221,Away pattern public must,409,EDM,A0072
T00222,Until recognize,215,Pop,A0113
T00223,Put benefit spring,133,Rock,A0188
T00224,Consumer far,127,Pop,A0127
T00225,Itself financial,384,Rock,A0007
T00226,Camera though past,240,EDM,A0022
T00227,Mrs read,177,Pop,A0163
T00228,Enter now,259,Hip Hop,A0104
T00229,Whole everyone,291,Pop,A0121
T00230,Tough ability Mr,224,Pop,A0021
T00231,Win time watch,177,EDM,A0162
T00232,Present drop guess,237,Country,A0122
T00233,My win writer enough,270,Country,A0031
T00234,Home student wish,409,Country,A0004
T00235,Need note while public,174,Jazz,A0101
T00236,Will,384,Hip Hop,A0139
T00237,Student key many,399,Hip Hop,A0133
T00238,Picture speak foot,375,EDM,A0013
T00239,Land church,354,Jazz,A0050
T00240,Tough sell,200,Rock,A0185
T00241,High series scene,134,Jazz,A0094
T00242,Production officer sea,126,Hip Hop,A0040
T00243,Little,257,Classical,A0045
T00244,This half herself,383,Classical,A0072
T00245,Baby rest,395,Hip Hop,A0199
T00246,While nor,147,Pop,A0046
T00247,Body series,251,Classical,A0122
T00248,Easy management,379,Jazz,A0043
T00249,Unit magazine,195,Pop,A0148
T00250,Past truth,343,Country,A0021
T00251,Line trial ten,184,EDM,A0135
T00252,Minute,365,Pop,A0035
T00253,Arm though,148,Country,A0023
T00254,Note story skin speech,184,Hip Hop,A0022
T00255,Future,137,Country,A0150
T00256,Will position away,282,Classical,A0160
T00257,Yourself to,324,EDM,A0109
T00258,Song and,179,Rock,A0059
T00259,Notice enjoy,173,Hip Hop,A0112
T00260,Less eat a,338,Hip Hop,A0120
T00261,Benefit,238,Jazz,A0112
T00262,Sit include professor,187,Classical,A0011
T00263,Believe car wife,388,Rock,A0049
T00264,Though author,277,Rock,A0042
T00265,Any reason teach,122,Country,A0022
T00266,Good management economy,173,Hip Hop,A0140
T00267,Require must,137,Jazz,A0004
T00268,Pass PM represent,198,Jazz,A0078
T00269,Cut simply,186,Rock,A0010
T00270,Magazine near evening,130,Hip Hop,A0075
T00271,Our amount,195,Country,A0138
T00272,Be range miss,228,Country,A0190
T00273,Doctor,415,Rock,A0077
T00274,Market challenge growth,292,Rock,A0144
T00275,Fly itself professional,149,EDM,A0107
T00276,None let sense,160,Hip Hop,A0060
T00277,Find,240,Country,A0169
T00278,Almost light back,417,Classical,A0173
T00279,Friend who,154,Jazz,A0173
T00280,Law final,139,Country,A0122
T00281,Police consider keep,373,Country,A0160
T00282,Follow,399,Classical,A0106
T00283,Career walk bar,296,Country,A0103
T00284,Dream spend form,237,Rock,A0049
T00285,Detail issue,212,Jazz,A0176
T00286,Religious message,297,Jazz,A0087
T00287,Shoulder fast,321,Hip Hop,A0130
T00288,Future government read assume,250,Pop,A0034
T00289,Fly past teacher,255,Country,A0195
T00290,Address,275,Classical,A0171
T00291,Institution act,166,Jazz,A0019
T00292,Would,136,EDM,A0030
T00293,Audience town force,260,Rock,A0039
T00294,Explain their,276,Classical,A0071
T00295,Man begin morning,396,Jazz,A0135
T00296,Art go,159,EDM,A0027
T00297,Service yourself truth,157,Classical,A0144
T00298,Staff class,231,Classical,A0163
T00299,Scientist magazine try,299,EDM,A0065
T00300,Little executive easy,148,EDM,A0020
T00301,Local more,275,Jazz,A0200
T00302,Structure,328,Jazz,A0056
T00303,Them very place yet,335,Rock,A0157
T00304,Report,271,Rock,A0104
T00305,Example to,192,Country,A0040
T00306,Realize civil,243,Hip Hop,A0167
T00307,Thousand,408,Classical,A0004
T00308,To stock,211,Jazz,A0082
T00309,Mother chair thus toward,351,Jazz,A0165
T00310,Mission travel yet,166,Country,A0096
T00311,Newspaper theory,216,Country,A0156
T00312,Work mention available,319,Classical,A0068
T00313,Beautiful miss,307,Jazz,A0060
T00314,Baby necessary,184,Hip Hop,A0084
T00315,A oil thus,155,Pop,A0185
T00316,Quickly add religious,251,EDM,A0040
T00317,Like commercial,155,Jazz,A0030
T00318,Which,208,EDM,A0144
T00319,Manage north soldier,395,Pop,A0119
T00320,Charge or away,268,Rock,A0026
T00321,Open,261,Jazz,A0061
T00322,Trip act,264,Hip Hop,A0086
T00323,Set million guy,235,Country,A0168
T00324,Likely cold,250,Pop,A0160
T00325,Chair its,403,Hip Hop,A0183
T00326,Growth executive,198,Rock,A0004
T00327,Most question,267,Jazz,A0006
T00328,War foot,397,Hip Hop,A0015
T00329,Rate garden,277,EDM,A0189
T00330,Food federal itself,249,Jazz,A0032
T00331,Glass style,417,EDM,A0175
T00332,Discover always,275,Classical,A0192
T00333,East themselves relationship,137,Pop,A0065
T00334,Center everybody perhaps,198,Rock,A0127
T00335,Evening edge,203,Country,A0070
T00336,Message here,272,Pop,A0133
T00337,Rest,407,Rock,A0120
T00338,Good expert,177,Hip Hop,A0188
T00339,Nothing worker each,239,Hip Hop,A0006
T00340,Television capital,311,Hip Hop,A0128
T00341,Big worry,203,Hip Hop,A0063
T00342,Operation put couple drop,405,Country,A0151
T00343,Measure firm purpose,334,Classical,A0122
T00344,Financial,244,Country,A0057
T00345,Thus range,207,Classical,A0152
T00346,Reach,180,Hip Hop,A0150
T00347,Bill,278,Classical,A0033
T00348,Kitchen soldier,179,Rock,A0012
T00349,Project weight success,226,Country,A0015
T00350,School six happen,179,Country,A0004
T00351,Behavior finish,191,Jazz,A0143
T00352,Us issue finally,158,Rock,A0009
T00353,Black modern practice,194,Classical,A0125
T00354,Draw room car,254,Rock,A0185
T00355,Stage there,379,Jazz,A0023
T00356,Action his fill,418,Hip Hop,A0072
T00357,Season whose,296,Pop,A0182
T00358,Watch player manager,168,Jazz,A0064
T00359,Fund court often,413,Jazz,A0154
T00360,Once also myself,381,Pop,A0021
T00361,Guess someone start,263,Country,A0164
T00362,Apply important rise put,242,Hip Hop,A0170
T00363,Pressure series realize,147,Classical,A0010
T00364,War give,385,Pop,A0096
T00365,Same here stock,313,Pop,A0184
T00366,Everyone true,375,Pop,A0068
T00367,Power shake thing,251,Rock,A0132
T00368,Activity effect either,210,Jazz,A0193
T00369,Go,225,Pop,A0138
T00370,Physical capital,164,Pop,A0134
T00371,Likely,171,EDM,A0022
T00372,Forget involve whom,159,Pop,A0191
T00373,Bill suffer,164,Rock,A0045
T00374,Happen,163,Pop,A0130
T00375,Front network,250,Classical,A0161
T00376,Organization everything,139,Country,A0122
T00377,Return hand,325,Rock,A0115
T00378,Hour small,356,Hip Hop,A0109
T00379,Young fill medical,352,Jazz,A0067
T00380,Including magazine agent apply,261,Classical,A0138
T00381,Scientist grow,302,Pop,A0067
T00382,Well should,363,Hip Hop,A0183
T00383,Stay administration,382,Classical,A0166
T00384,Analysis two,328,Country,A0074
T00385,Home part show,346,Jazz,A0005
T00386,Bring even policy,198,EDM,A0064
T00387,Statement life,382,Jazz,A0034
T00388,Indicate I goal,158,EDM,A0188
T00389,Truth once where,212,Classical,A0002
T00390,Purpose,250,Pop,A0177
T00391,Direction sure,134,Pop,A0146
T00392,Watch especially,321,Jazz,A0063
T00393,Power wall,349,Rock,A0030
T00394,Walk lawyer,152,Jazz,A0042
T00395,Want cultural,272,EDM,A0138
T00396,Concern travel,331,Pop,A0005
T00397,Suffer middle defense,378,Country,A0172
T00398,Night table,132,Jazz,A0148
T00399,Do detail business,329,Country,A0022
T00400,Maintain hair,178,Hip Hop,A0036
T00401,Wife fight,351,Country,A0153
T00402,Note left,208,Classical,A0017
T00403,With hand science,401,EDM,A0103
T00404,Last various value,206,Classical,A0166
T00405,Marriage sport,139,Rock,A0177
T00406,One that,200,Jazz,A0061
T00407,Thing,166,Hip Hop,A0032
T00408,Art speak camera,358,Jazz,A0016
T00409,All often,243,Classical,A0093
T00410,Start sometimes game,294,Pop,A0046
T00411,Dog room,159,Country,A0196
T00412,Along,135,Rock,A0112
T00413,Garden,280,Pop,A0097
T00414,Analysis police,219,Classical,A0091
T00415,A its Republican value,195,Country,A0055
T00416,Person husband,292,Country,A0002
T00417,Support,353,Pop,A0192
T00418,Perform note plant,202,Pop,A0192
T00419,Experience town,271,Hip Hop,A0057
T00420,Over personal clearly right,190,Rock,A0134
T00421,Present born note,301,Pop,A0054
T00422,Bar series if,293,Hip Hop,A0097
T00423,High morning,146,Classical,A0142
T00424,Rather customer,213,Country,A0123
T00425,Attack goal,393,Hip Hop,A0173
T00426,Section this any,209,Rock,A0174
T00427,Plan son view,155,Rock,A0128
T00428,Fear share company,268,Pop,A0099
T00429,City,223,Country,A0124
T00430,Social case,123,Jazz,A0084
T00431,Edge fear,286,EDM,A0188
T00432,Skill letter unit,373,Country,A0174
T00433,Nature through son,223,Jazz,A0095
T00434,Lawyer tend couple add,327,Rock,A0179
T00435,Money health,391,Pop,A0072
T00436,Current center where,208,Country,A0126
T00437,Represent on,370,Rock,A0057
T00438,Compare talk picture,234,Classical,A0061
T00439,Human,372,Rock,A0083
T00440,Left society,284,Hip Hop,A0073
T00441,Time,183,Classical,A0140
T00442,Space state us,177,Jazz,A0027
T00443,Bill specific page,203,Hip Hop,A0171
T00444,During,305,Country,A0134
T00445,Vote name,329,Jazz,A0045
T00446,Role federal really,227,Pop,A0042
T00447,Son budget,188,Country,A0096
T00448,Small instead,141,Hip Hop,A0071
T00449,Help PM,393,Classical,A0082
T00450,Much although person,324,Classical,A0019
T00451,Cultural keep,252,EDM,A0123
T00452,Individual play,245,Hip Hop,A0111
T00453,Project garden,149,Jazz,A0135
T00454,Ten win,381,Rock,A0096
T00455,Attention bar special,211,Pop,A0099
T00456,How guy sing best,210,Rock,A0200
T00457,Four star top process,136,Pop,A0073
T00458,Somebody bag,344,Rock,A0099
T00459,Sing century last,143,Classical,A0122
T00460,Own,313,Jazz,A0169
T00461,Human bring pass,140,Classical,A0032
T00462,Usually single general you,268,EDM,A0151
T00463,Miss play,276,Hip Hop,A0142
T00464,Guy later stage,207,Rock,A0009
T00465,Up factor necessary,166,Hip Hop,A0019
T00466,Up thing admit family,281,Hip Hop,A0148
T00467,Build free,234,EDM,A0046
T00468,Ready dark,317,Hip Hop,A0112
T00469,Strategy see,342,Country,A0145
T00470,Turn herself pattern,349,Classical,A0003
T00471,Describe couple,169,Pop,A0116
T00472,Everyone above,326,Pop,A0190
T00473,Physical accept together option,193,Jazz,A0052
T00474,Relationship stuff close,330,Country,A0044
T00475,Decision speak chair,362,Rock,A0082
T00476,Physical subject,273,Rock,A0122
T00477,Production,361,Country,A0095
T00478,Serve all,378,Country,A0155
T00479,Feeling,227,Rock,A0168
T00480,Would audience,133,Rock,A0079
T00481,Share without,224,Pop,A0035
T00482,Major instead,232,Country,A0179
T00483,After upon,402,Country,A0149
T00484,Practice begin own wide,263,Pop,A0020
T00485,Standard talk,381,Jazz,A0025
T00486,Next win,373,Hip Hop,A0140
T00487,Project fight,319,Classical,A0090
T00488,Side western responsibility,294,Pop,A0154
T00489,Situation view large,153,Rock,A0002
T00490,Color another image,213,Rock,A0163
T00491,Year nation why,242,EDM,A0089
T00492,Under possible pattern,339,Classical,A0084
T00493,Democratic situation,177,Country,A0052
T00494,Democratic physical perform there,319,Pop,A0128
T00495,Everyone which all,191,EDM,A0145
T00496,Continue attention,313,Country,A0085
T00497,Food news,300,Rock,A0155
T00498,Very trip read,150,Country,A0146
T00499,Live school,353,Pop,A0157
T00500,Effort issue stage bed,307,Classical,A0140
T00501,Number bit wonder knowledge,284,Pop,A0184
T00502,Participant owner baby,230,Classical,A0130
T00503,Food pass,385,Jazz,A0058
T00504,Road field,401,Pop,A0078
T00505,Indeed clearly production part,327,Hip Hop,A0153
T00506,Ahead begin,359,Rock,A0153
T00507,Instead I,194,Jazz,A0195
T00508,Why hour,189,EDM,A0007
T00509,Natural box may throw,175,Pop,A0189
T00510,Matter adult,318,Jazz,A0129
T00511,Group life anyone,340,Jazz,A0037
T00512,Yes analysis,204,Country,A0083
T00513,Window bed he,382,Rock,A0043
T00514,Wife group one,127,EDM,A0102
T00515,Two walk best,409,Country,A0161
T00516,Town,295,EDM,A0175
T00517,Effort policy yet,174,Classical,A0111
T00518,Claim push,165,Rock,A0015
T00519,Attention drug instead,318,Country,A0021
T00520,Treat treat,133,Rock,A0003
T00521,Scientist such table,204,Pop,A0028
T00522,Resource hard,316,Jazz,A0003
T00523,Southern look,314,Rock,A0126
T00524,It agent,221,Country,A0060
T00525,Nor need,344,EDM,A0175
T00526,Use bring account,223,Jazz,A0145
T00527,Raise truth light,232,Jazz,A0110
T00528,Specific southern her,177,Pop,A0200
T00529,School type commercial,197,Pop,A0032
T00530,Else bad station,319,EDM,A0072
T00531,Term just ability,193,Rock,A0138
T00532,Laugh high,159,Jazz,A0183
T00533,If,348,Rock,A0179
T00534,Relate idea,307,Rock,A0166
T00535,Mrs require southern,296,EDM,A0079
T00536,Training alone arrive,303,EDM,A0006
T00537,Popular black sister,287,Classical,A0143
T00538,Tonight assume,159,Jazz,A0019
T00539,Why apply,291,Pop,A0079
T00540,Leg air red,378,Rock,A0196
T00541,Maybe,368,EDM,A0123
T00542,Show,171,Hip Hop,A0060
T00543,Keep lead learn,185,Rock,A0038
T00544,Myself huge radio,338,Hip Hop,A0002
T00545,Challenge able fact,385,Country,A0176
T00546,Future nothing around,367,Country,A0178
T00547,Model,305,EDM,A0100
T00548,Really realize too,172,Country,A0198
T00549,Run special rather,342,Classical,A0143
T00550,Environment use here last,221,Jazz,A0001
T00551,Throw south college,198,Country,A0066
T00552,Player certain,252,Jazz,A0189
T00553,Serve cover because none,300,Country,A0051
T00554,Start himself program,153,Jazz,A0057
T00555,Respond spend,250,EDM,A0069
T00556,Tax room health stop,153,Country,A0071
T00557,Set method share,163,Rock,A0157
T00558,Campaign direction,205,Jazz,A0106
T00559,Industry fund grow,316,Hip Hop,A0008
T00560,Today line,208,Rock,A0198
T00561,Stage high including,313,Hip Hop,A0109
T00562,Safe cost,401,Rock,A0177
T00563,Instead ability hospital,143,Rock,A0098
T00564,My two newspaper,283,Country,A0077
T00565,Vote almost,185,Classical,A0129
T00566,Standard that stand,303,Jazz,A0054
T00567,Poor former thought,144,Jazz,A0109
T00568,Own,232,Jazz,A0096
T00569,Necessary red wish,345,Rock,A0029
T00570,Office amount risk,317,Jazz,A0173
T00571,Drug wish hot,371,EDM,A0101
T00572,Matter budget,174,EDM,A0113
T00573,Play chair election,181,Country,A0145
T00574,Collection laugh,315,Country,A0156
T00575,Training foreign,156,EDM,A0012
T00576,Reason toward,275,Hip Hop,A0078
T00577,Social toward,154,Hip Hop,A0081
T00578,Official figure,391,Jazz,A0071
T00579,Assume particular west,305,Classical,A0068
T00580,Charge music,133,Jazz,A0005
T00581,Ready nature everybody,201,Classical,A0200
T00582,Modern thousand American,165,EDM,A0148
T00583,Modern fight,389,Classical,A0003
T00584,Admit idea,208,EDM,A0129
T00585,Region call worry,361,EDM,A0032
T00586,Family join member,410,Pop,A0074
T00587,Recognize hear sound,300,EDM,A0195
T00588,Table catch for,203,Rock,A0046
T00589,Close who,235,Country,A0199
T00590,Social thousand issue,286,Pop,A0141
T00591,Order discover general,331,Hip Hop,A0190
T00592,Last factor unit chair,322,Pop,A0003
T00593,Because technology,204,EDM,A0152
T00594,Election hospital,155,Pop,A0187
T00595,Next standard material,384,Country,A0015
T00596,Shake everybody,414,Country,A0173
T00597,Painting our full respond,259,Pop,A0004
T00598,Real campaign knowledge,420,Hip Hop,A0183
T00599,Prevent nice,218,EDM,A0130
T00600,It,329,Classical,A0086
T00601,Sort pick pay,131,EDM,A0017
T00602,Theory,157,Pop,A0027
T00603,Return firm seven,171,Hip Hop,A0135
T00604,Time tonight million,145,Classical,A0052
T00605,Information thought always,348,Rock,A0077
T00606,Ten recently,324,Classical,A0063
T00607,Citizen walk whole,342,Hip Hop,A0148
T00608,Live nature,417,Jazz,A0167
T00609,Around myself,188,Classical,A0162
T00610,National take last,262,Jazz,A0107
T00611,Artist hotel middle,185,Pop,A0060
T00612,During,325,Classical,A0045
T00613,Financial give,380,Jazz,A0035
T00614,Reflect where site for,277,Classical,A0171
T00615,Theory age figure,260,Classical,A0066
T00616,Stand chair watch over,396,Hip Hop,A0035
T00617,Security follow,283,Jazz,A0119
T00618,None,290,Rock,A0052
T00619,Point thus someone,156,Pop,A0116
T00620,Enter,260,Hip Hop,A0029
T00621,Stage prevent,347,Rock,A0063
T00622,Trouble guess,236,Rock,A0045
T00623,Subject onto,346,Hip Hop,A0159
T00624,Card industry more,268,Country,A0073
T00625,Eight,372,Classical,A0126
T00626,Fly yourself along marriage,379,Pop,A0056
T00627,Place visit,238,Classical,A0161
T00628,Another hour,319,Country,A0017
T00629,Talk whom,178,Jazz,A0103
T00630,Various charge,149,Jazz,A0186
T00631,All situation,341,Country,A0146
T00632,Late continue,254,Jazz,A0035
T00633,Form attack,260,Country,A0139
T00634,Detail throughout various draw,325,Rock,A0029
T00635,Attorney impact,144,Hip Hop,A0049
T00636,Money side,273,Pop,A0100
T00637,Report fight art without,195,Country,A0172
T00638,Site key,279,Jazz,A0124
T00639,Yard free,266,Pop,A0130
T00640,Military hold,392,Country,A0018
T00641,Ten job,309,Rock,A0178
T00642,Suddenly long total,124,Rock,A0119
T00643,Everyone dog would,286,Country,A0145
T00644,Prove road,308,EDM,A0061
T00645,Produce north eye,193,Country,A0126
T00646,Visit memory,284,Pop,A0125
T00647,Shake reality play,136,Hip Hop,A0083
T00648,Because white fund,275,Hip Hop,A0072
T00649,Ball paper,163,Country,A0185
T00650,Remain movement,186,Rock,A0137
T00651,Loss work,333,Rock,A0182
T00652,Both realize put,123,EDM,A0148
T00653,I arm management,281,Jazz,A0142
T00654,Court race,231,Country,A0036
T00655,Fact far,192,Pop,A0107
T00656,Pull language,330,Classical,A0098
T00657,Audience dinner,404,Rock,A0186
T00658,Expert human,145,Jazz,A0185
T00659,Risk indeed human,362,Hip Hop,A0039
T00660,Financial include everything,232,EDM,A0145
T00661,Yourself blood,400,Country,A0027
T00662,Cultural avoid window,153,Hip Hop,A0067
T00663,Artist fill type,266,Classical,A0033
T00664,Cold effort daughter,240,Jazz,A0114
T00665,Space,201,Rock,A0090
T00666,Ground make,385,Pop,A0166
T00667,Data,130,Pop,A0043
T00668,Budget fund budget,124,Classical,A0147
T00669,Hair church,230,Classical,A0147
T00670,Girl without,150,Classical,A0148
T00671,Yourself once,341,Hip Hop,A0154
T00672,Politics different,396,Classical,A0121
T00673,Game assume,418,Hip Hop,A0162
T00674,Reflect story,236,Rock,A0150
T00675,Affect,261,Rock,A0004
T00676,Control,153,Country,A0058
T00677,Resource color,313,Pop,A0153
T00678,Meeting girl population,125,EDM,A0182
T00679,Magazine what,382,Jazz,A0025
T00680,Risk some data,403,Classical,A0037
T00681,Property,351,Hip Hop,A0010
T00682,Form north,343,Classical,A0015
T00683,Father when,253,Country,A0069
T00684,Candidate necessary,149,Country,A0061
T00685,Report political,232,Hip Hop,A0179
T00686,Charge appear,338,Country,A0116
T00687,Hope Congress lay,347,Country,A0037
T00688,Magazine mind,133,Country,A0120
T00689,Little city stuff,360,Rock,A0146
T00690,Watch begin animal,332,Rock,A0036
T00691,Recent,418,Country,A0009
T00692,Why safe,121,EDM,A0048
T00693,Year writer take item,391,Hip Hop,A0184
T00694,Out,385,Rock,A0123
T00695,Current fill indeed,208,Pop,A0179
T00696,Enough,414,Jazz,A0112
T00697,Pull such,252,Hip Hop,A0006
T00698,Least drive outside,298,Jazz,A0019
T00699,Realize change,348,Country,A0094
T00700,Foreign peace,224,Hip Hop,A0091
T00701,Go range low,334,Hip Hop,A0193
T00702,Mention,405,Classical,A0036
T00703,Particularly member act,283,Jazz,A0018
T00704,Over small,288,Country,A0059
T00705,Budget everything use force,374,EDM,A0006
T00706,Nature detail,211,Pop,A0162
T00707,Become event,182,Pop,A0025
T00708,Standard relationship poor,322,Hip Hop,A0188
T00709,Program yourself,222,Country,A0153
T00710,Myself modern director,133,Jazz,A0005
T00711,Represent within,364,Rock,A0056
T00712,It into pick,255,Country,A0048
T00713,Practice reveal,392,Hip Hop,A0198
T00714,Wonder they student,165,EDM,A0172
T00715,Word instead,146,Pop,A0149
T00716,Anyone,268,Pop,A0153
T00717,Before care officer,364,EDM,A0110
T00718,Mrs culture,173,EDM,A0012
T00719,New quickly,348,Hip Hop,A0047
T00720,Million full,301,Hip Hop,A0194
T00721,Suggest public suddenly than,234,Classical,A0014
T00722,Computer economy,207,EDM,A0145
T00723,Finally claim near,137,Pop,A0016
T00724,As movement,341,Country,A0181
T00725,Probably culture low,366,Jazz,A0037
T00726,Message knowledge social,190,Hip Hop,A0041
T00727,Health final herself,153,EDM,A0132
T00728,Trip manage heart,412,Jazz,A0070
T00729,East age leave,165,Pop,A0148
T00730,Contain difference,385,Pop,A0163
T00731,Accept remain identify,142,Rock,A0082
T00732,Factor read,325,Jazz,A0183
T00733,News laugh agency,232,Classical,A0078
T00734,Book two,330,Country,A0134
T00735,Technology cultural character,311,Pop,A0008
T00736,May argue prevent,298,Pop,A0075
T00737,Peace knowledge history,405,Classical,A0126
T00738,Woman bad chance,412,EDM,A0101
T00739,Trial myself,391,Pop,A0143
T00740,Often far,155,Jazz,A0123
T00741,Generation first,285,Pop,A0059
T00742,Without need foreign own,370,Rock,A0010
T00743,Year successful admit,413,Jazz,A0030
T00744,Act situation true station,329,Classical,A0109
T00745,Economy age break else,189,Pop,A0176
T00746,Raise seven growth,381,Jazz,A0176
T00747,Concern answer past process,372,Country,A0143
T00748,By national step become,245,Country,A0037
T00749,True forget,128,Hip Hop,A0188
T00750,Discover participant,343,Hip Hop,A0009
T00751,Meet operation no,282,Country,A0135
T00752,Catch include,262,EDM,A0060
T00753,Professional the society me,333,Classical,A0104
T00754,Office executive nearly himself,151,Classical,A0127
T00755,Which security,305,Country,A0100
T00756,Body may,162,Hip Hop,A0175
T00757,Technology we,244,Country,A0188
T00758,Policy box nothing idea,352,Jazz,A0018
T00759,Relate health religious,140,Jazz,A0094
T00760,Discussion choice,372,Pop,A0095
T00761,Draw allow ok environmental,342,Pop,A0119
T00762,Discuss fund,218,Hip Hop,A0128
T00763,So evidence major,123,Country,A0110
T00764,Realize finally able,411,Pop,A0130
T00765,Everything list,180,Pop,A0181
T00766,House one,258,Country,A0031
T00767,Also system gun,184,Rock,A0051
T00768,Real special,395,Rock,A0139
T00769,Say describe,312,EDM,A0136
T00770,Model home cell special,403,Rock,A0110
T00771,Couple,128,Pop,A0030
T00772,Respond side,184,Hip Hop,A0089
T00773,Discover site source,380,Classical,A0018
T00774,Four could second,242,Rock,A0031
T00775,Challenge within,286,Country,A0174
T00776,Economic home free,258,Country,A0150
T00777,Personal four actually,357,Classical,A0068
T00778,Population bank,384,Country,A0126
T00779,Girl finish list,172,Rock,A0071
T00780,Kind Republican between,252,Pop,A0187
T00781,Produce product really,381,Pop,A0073
T00782,Work wait southern,400,Country,A0171
T00783,Study major before,291,Rock,A0175
T00784,Study energy grow,366,Rock,A0175
T00785,Social same agent,198,Jazz,A0010
T00786,Chair major,225,Classical,A0073
T00787,Store first,358,Classical,A0059
T00788,Compare realize summer,407,Pop,A0038
T00789,Organization pick,408,Hip Hop,A0143
T00790,Arrive describe bring,403,Hip Hop,A0042
T00791,Religious television painting coach,388,Hip Hop,A0051
T00792,Just difference part,184,Jazz,A0011
T00793,According central,168,EDM,A0156
T00794,For of,391,Pop,A0061
T00795,Be add put,322,Hip Hop,A0089
T00796,Big several,333,Country,A0125
T00797,First sometimes ball,278,Pop,A0142
T00798,Unit line author,408,Pop,A0186
T00799,Magazine situation,289,Country,A0159
T00800,Help law theory,255,EDM,A0012
T00801,Thus view control,189,Country,A0012
T00802,Long green,291,Rock,A0027
T00803,Summer old why,402,Jazz,A0038
T00804,Need exist mission theory,151,Classical,A0159
T00805,Near resource,354,Classical,A0015
T00806,Cause car face,323,EDM,A0073
T00807,Arm dream,185,Classical,A0125
T00808,Want still boy,335,EDM,A0186
T00809,Return side,252,Pop,A0095
T00810,Management operation hotel,248,Country,A0142
T00811,Value question lose beyond,326,Rock,A0106
T00812,Know fill teacher,222,EDM,A0181
T00813,Weight name,136,Rock,A0089
T00814,Few smile far,255,Pop,A0061
T00815,As add why,419,Country,A0034
T00816,Chance house choice,180,Pop,A0104
T00817,Hand stage,170,Hip Hop,A0050
T00818,Compare movie,262,Jazz,A0127
T00819,Road experience,262,EDM,A0126
T00820,On chance,326,EDM,A0103
T00821,Consumer TV situation,312,Hip Hop,A0163
T00822,Performance,357,Rock,A0101
T00823,Oil according fund,353,Classical,A0061
T00824,Red organization black,414,Jazz,A0022
T00825,Realize party,274,Jazz,A0148
T00826,Gun pay,321,Classical,A0178
T00827,And happy,180,Hip Hop,A0106
T00828,Too yet fish,175,Hip Hop,A0082
T00829,Spring popular until,406,Country,A0106
T00830,Else reach,415,Jazz,A0154
T00831,Opportunity floor blood,360,Pop,A0022
T00832,Poor miss which,268,Country,A0053
T00833,Court would,126,Pop,A0187
T00834,Least opportunity,151,EDM,A0168
T00835,Like speech describe,386,Hip Hop,A0075
T00836,Deep enter,244,Pop,A0127
T00837,Share manager find,353,EDM,A0053
T00838,Ten,214,Country,A0075
T00839,Pull,244,Classical,A0139
T00840,Eat deal,256,Rock,A0133
T00841,Wrong win,232,Classical,A0171
T00842,Young bank,213,Pop,A0164
T00843,Worry also will,315,Hip Hop,A0026
T00844,Modern general can class,277,EDM,A0012
T00845,West produce which mouth,254,Hip Hop,A0089
T00846,Key modern good,287,Classical,A0141
T00847,Mouth stay,349,Classical,A0128
T00848,Treatment pattern I,163,Hip Hop,A0022
T00849,Long over happen,186,Country,A0130
T00850,Glass trial,278,Pop,A0134
T00851,Word mother threat,304,Pop,A0162
T00852,Interview dark,161,Rock,A0096
T00853,Alone reveal board,243,Hip Hop,A0061
T00854,Learn other,406,Pop,A0047
T00855,Produce tax,180,EDM,A0128
T00856,Wall fill safe,407,Jazz,A0118
T00857,Figure player result,180,Hip Hop,A0101
T00858,Would likely way,390,Country,A0054
T00859,Safe teacher right,415,Rock,A0184
T00860,Expert light,123,EDM,A0035
T00861,Check important book,334,Jazz,A0129
T00862,Enough central perhaps,198,Classical,A0194
T00863,Near force thousand,322,Country,A0066
T00864,Thousand hotel agreement,181,EDM,A0197
T00865,Nearly police these,393,EDM,A0165
T00866,Cup Congress,208,Pop,A0018
T00867,East,369,Hip Hop,A0120
T00868,Recently attorney,335,Country,A0030
T00869,City energy,404,Hip Hop,A0136
T00870,Particular expert,364,Jazz,A0021
T00871,Floor,245,Jazz,A0024
T00872,Religious popular either him,151,Hip Hop,A0026
T00873,Soon law,302,Hip Hop,A0101
T00874,Maintain church heart,168,Classical,A0184
T00875,Her friend explain,392,Pop,A0184
T00876,Open partner ever story,176,Pop,A0046
T00877,Whatever hospital many,204,Rock,A0039
T00878,Figure,388,Hip Hop,A0072
T00879,Capital forward,395,Classical,A0013
T00880,Factor fish,256,Pop,A0115
T00881,Improve across world over,183,Pop,A0153
T00882,Push make,159,Hip Hop,A0076
T00883,Reflect smile,271,Classical,A0123
T00884,Require cover,340,Hip Hop,A0104
T00885,Something early fish,332,Rock,A0009
T00886,Just size,244,Classical,A0065
T00887,Lose life,359,Rock,A0180
T00888,Describe author,352,Jazz,A0166
T00889,Raise specific,281,Classical,A0061
T00890,Head yet,242,EDM,A0143
T00891,Trouble bring rock,349,Rock,A0084
T00892,Task main third tell,194,Rock,A0062
T00893,Support keep,337,Hip Hop,A0006
T00894,Service bar list,339,Hip Hop,A0177
T00895,Wear reduce,327,Country,A0132
T00896,Yes conference,146,Classical,A0048
T00897,Range power,278,Country,A0056
T00898,Smile wait fear,152,Classical,A0121
T00899,Perform,360,EDM,A0002
T00900,Hotel assume,326,Classical,A0017
T00901,Fight number guess,312,Jazz,A0010
T00902,Push wind win,360,Hip Hop,A0119
T00903,Here,420,Hip Hop,A0198
T00904,Sense data,377,EDM,A0053
T00905,Form personal including,333,Classical,A0096
T00906,Senior conference,410,Pop,A0108
T00907,Ok would across,295,Hip Hop,A0094
T00908,Too east member,337,Classical,A0030
T00909,Suggest move last,319,Country,A0003
T00910,Itself big white,140,Pop,A0087
T00911,Me company,225,Classical,A0039
T00912,Will voice tree,366,Pop,A0054
T00913,Firm will cut,246,Pop,A0034
T00914,Admit stuff,382,Jazz,A0161
T00915,Decision reduce,342,EDM,A0059
T00916,Idea sometimes to,128,Jazz,A0130
T00917,And including,129,Hip Hop,A0147
T00918,Now others,332,Jazz,A0101
T00919,Life school long,143,EDM,A0064
T00920,Reality create,166,Country,A0198
T00921,Indeed evening,332,Country,A0188
T00922,Exactly daughter,122,Rock,A0006
T00923,Brother our nature why,311,Country,A0119
T00924,Always strong,155,Jazz,A0083
T00925,Quality argue these certain,185,Hip Hop,A0149
T00926,Parent radio,338,Jazz,A0145
T00927,Major perhaps,372,Jazz,A0087
T00928,Response Mrs,224,Classical,A0009
T00929,Then laugh information,191,Rock,A0020
T00930,Current these,295,Classical,A0186
T00931,Role knowledge local you,198,Pop,A0122
T00932,Together behavior section environmental,243,Pop,A0111
T00933,Wrong owner,375,Rock,A0118
T00934,Per box,340,Country,A0006
T00935,Certain sing resource,159,Jazz,A0038
T00936,Support line left,170,Jazz,A0114
T00937,Defense push,235,Pop,A0067
T00938,Establish father ask,148,Pop,A0140
T00939,Common information give,264,EDM,A0045
T00940,Enough size,290,Classical,A0033
T00941,Trip,221,Pop,A0038
T00942,Apply main become thus,388,Hip Hop,A0075
T00943,Difference analysis service,293,EDM,A0195
T00944,Produce network,264,Classical,A0026
T00945,Policy nature agent,322,Classical,A0005
T00946,Memory middle such,379,Classical,A0114
T00947,Mind must available consider,217,EDM,A0187
T00948,Face service free,268,Rock,A0151
T00949,Space first,250,Country,A0132
T00950,Activity style,206,Rock,A0035
T00951,Police catch total,393,Country,A0094
T00952,Mention involve,152,Rock,A0007
T00953,Goal from early,315,Classical,A0187
T00954,Brother have school pass,209,Hip Hop,A0165
T00955,Deal if,372,Jazz,A0070
T00956,Power,366,Classical,A0089
T00957,Future note manage,276,Jazz,A0176
T00958,Tough,283,Rock,A0008
T00959,It manager,286,Jazz,A0130
T00960,Either read easy,343,Classical,A0079
T00961,Seat individual,132,Jazz,A0037
T00962,Technology industry,341,Pop,A0068
T00963,Certain result resource,223,Jazz,A0008
T00964,First standard,185,EDM,A0085
T00965,Computer myself idea,333,Country,A0161
T00966,Research few,292,Pop,A0048
T00967,Example break,225,Pop,A0163
T00968,Drug join,245,Pop,A0176
T00969,Imagine half,397,Jazz,A0094
T00970,Successful concern now,247,Country,A0080
T00971,Rate continue,340,Pop,A0191
T00972,As understand he,177,Country,A0116
T00973,Available contain doctor,198,EDM,A0195
T00974,Especially against many do,244,EDM,A0136
T00975,Including wonder,358,Pop,A0176
T00976,Generation I yes if,354,Rock,A0193
T00977,Know top,173,Classical,A0139
T00978,Heart table parent contain,397,Pop,A0169
T00979,Within stand again,162,Jazz,A0186
T00980,Ago house write,399,Hip Hop,A0199
T00981,Meeting describe,169,Pop,A0064
T00982,Nothing water,171,Country,A0186
T00983,Prepare focus along,315,Classical,A0147
T00984,Campaign away draw,412,Hip Hop,A0051
T00985,In over interest,331,EDM,A0038
T00986,Parent stock white,133,Country,A0182
T00987,Body movement,222,Country,A0072
T00988,After,420,Jazz,A0052
T00989,Leader carry,343,Jazz,A0159
T00990,Important represent local,280,Classical,A0152
T00991,Treatment discover,407,Pop,A0009
T00992,Happen dog,302,Classical,A0199
T00993,Cause blue,184,Pop,A0034
T00994,Best book drug,209,EDM,A0144
T00995,Write American morning,411,Country,A0005
T00996,Our agent,402,Classical,A0035
T00997,Recent training,360,Pop,A0112
T00998,Strong beautiful though,333,EDM,A0079
T00999,Trade five,216,Classical,A0076
T01000,With tell,257,Rock,A0196
